70.0,71.22448979591837,72.44897959183673,73.67346938775509,74.89795918367346,76.12244897959182,77.3469387755102,78.57142857142857,79.79591836734694,81.0204081632653,82.24489795918367,83.46938775510205,84.6938775510204,85.91836734693878,87.14285714285714,88.3673469387755,89.59183673469387,90.81632653061224,92.0408163265306,93.26530612244898,94.48979591836735,95.71428571428571,96.93877551020408,98.16326530612245,99.38775510204081,100.61224489795917,101.83673469387755,103.0612244897959,104.28571428571428,105.51020408163265,106.73469387755101,107.9591836734694,109.18367346938776,110.40816326530611,111.6326530612245,112.85714285714286,114.08163265306123,115.3061224489796,116.53061224489795,117.75510204081634,118.9795918367347,120.20408163265306,121.42857142857144,122.6530612244898,123.87755102040816,125.10204081632654,126.32653061224491,127.55102040816327,128.77551020408166,130.0
30.291882147899074,29.073027423643044,27.854493787457773,26.6364483718446,25.41913260051028,24.20288899940613,22.9881948794193,21.775703263340553,20.56629123891361,19.36111519301033,18.1616712864249,16.969858393138715,15.788039457868408,14.619095778584397,13.46646736653393,12.33417156528596,11.226791705854975,10.149427961732822,9.107604023203464,8.107125906494309,7.153893131992383,6.253667453935728,5.411809917378849,4.63300263592587,3.9209764960426963,3.2782690833515553,2.7060376440255225,2.203949222375732,1.77016404642009,1.4014191363447568,1.0932080123359753,0.840040887471084,0.6357597984793808,0.473876653539533,0.3479005362188012,0.25162420531447466,0.17934779181961072,0.12602839922962408,0.08735532440344145,0.059759770279247636,0.040373818155062365,0.026955685748036466,0.017797440070792304,0.011628414936749727,0.007523760977962147,0.004823778441559126,0.0030665404640267575,0.0019340490785345135,0.0012107641002445195,0.0007526498227993883
30.4443965007634,29.231119122456814,28.019212297850746,26.809126200929242,25.601431823897443,24.39684449297017,23.196249395290433,22.000728367600644,20.811587011767557,19.630380968275677,18.458939802983302,17.299386640670395,16.154151469169722,15.025975869885526,13.917906837509204,12.833277431141308,11.775672280759755,10.748876449435615,9.756806846136167,8.803426320783673,7.892641729124825,7.02818857084517,6.213506210329235,5.451609093713776,4.744960647430073,4.095357523071222,3.503832376475518,2.9705832759283566,2.4949369793399576,2.0753515967958824,1.7094615400436461,1.3941642629483397,1.1257444008622026,0.9000270053790955,0.7125482915134249,0.5587303484465269,0.4340461172879749,0.3341627324362897,0.25505471049954564,0.1930827276088266,0.14503798214247443,0.1081556447772958,0.0801032049645438,0.05895053860721228,0.043128433628690906,0.0313814574267364,0.02271979730544893,0.01637335658130278,0.011750153654864783,0.008400061278598058
30.609338286788592,29.40442277037327,28.20221760840444,27.003378049772696,25.80868316152345,24.619050595404275,23.435551189840734,22.259422798373553,21.092082661117804,19.935137612426647,18.790391308757986,17.659847564680195,16.54570887348145,15.45036920864286,14.376400234100398,13.326530142053102,12.30361450635201,11.310598767601222,10.3504722499369,9.426213964721363,8.540730882329761,7.696789830891807,6.8969446947498705,6.143461124443661,5.438241512829983,4.782753504002183,4.17796574242841,3.6242948892281057,3.1215680569810234,2.6690046384394397,2.265220901571421,1.9082595779042697,1.595644932624001,1.3244615576891803,1.091452645465673,0.8931312250654458,0.7258962839603107,0.5861452490594347,0.4703750936213803,0.3752661789238059,0.2977453962269069,0.23502772019106194,0.18463746869520925,0.14441211236261736,0.11249231439731999,0.08730208669747283,0.06752268556411956,0.05206332388208387,0.04003110813108987,0.03070193753857215
30.787793217364555,29.592979025579076,28.4021371107881,27.216032069120963,26.035538785738087,24.861650868436396,23.695488321303433,22.53830408496001,21.391489022239742,20.25657495848089,19.13523536201164,18.02928320854857,16.940665583849732,15.871454615375095,14.823834353261303,13.800083266759854,12.802552104705056,11.833636974766065,10.89574761660924,9.991270988340208,9.122530460099561,8.29174110754701,7.500961818011362,6.752045170178623,6.046586332403499,5.385872548071539,4.770835138111153,4.202006340895619,3.679483692050862,3.202904940790891,2.771436577995951,2.3837787590497492,2.0381886035649672,1.7325224925850087,1.4642961642382368,1.230759413653306,1.0289804408379024,0.8559337689208493,0.7085854361895955,0.5839698721372892,0.4792542898892084,0.3917882110240434,0.3191375119458533,0.2591038570979643,0.20973141147788313,0.16930327999527406,0.13633027099858835,0.10953443564491004,0.08782950899998307,0.07029997101628767
30.977878798789543,29.79392395270047,28.615001505466164,27.441920361854248,26.27558310621137,25.116990618653038,23.967245880156987,22.827556755490846,21.699237496608966,20.583708741501113,19.482495790778493,18.3972249202042,17.329617491008722,16.2814816471654,15.254701408005587,14.251222982435204,13.273038166093077,12.322164729819333,11.400623755929487,10.510413932038576,9.653482878395822,8.831695664373212,8.046800764432408,7.300393825345427,6.593879782789409,5.928434094122994,5.304964159477227,4.7240723908047135,4.186022839507765,3.6907137462937833,3.237658719739245,2.8259793311405543,2.4544115774731443,2.1213278113623186,1.8247743865123567,1.5625235972608411,1.3321368170967942,1.1310344271076997,0.9565674624542975,0.8060860130612415,0.6770002131609476,0.5668309086016458,0.4732485047994712,0.3940998068019826,0.32742369071189936,0.2714571212673752,0.22463336703498096,0.1855743268317695,0.15307875192112827,0.12610790786979933
31.176910595244607,30.003937345196977,28.83684402727061,27.676445598061967,26.523635496492084,25.379388069454365,24.244760290238965,23.120892656347603,22.009009108153922,20.910415829866245,19.82649881227859,18.75872004293908,17.708612185080085,16.677771622598137,15.667849759764222,14.680542467415572,13.717577576161121,12.780700331913682,11.871656740575684,10.992174737078274,10.143943126509594,9.328588266203734,8.547648491962201,7.802546352039131,7.094558820031655,6.424785834813808,5.794117781479225,5.203202892536618,4.652416002707527,4.141830585531202,3.671196440627988,3.2399256516968604,2.847089348981814,2.4914272722666917,2.1713711184337128,1.885081280064381,1.6304950763693205,1.4053832531039507,1.207410666055677,1.034196827067406,0.8833723823765051,0.7526284632513249,0.6397569688846547,0.5426809771840437,0.45947545181305993,0.38837912635614535,0.3277988779758887,0.2763080860589554,0.23264046553874468,0.19568073460410584
31.38233711150271,30.220105992259693,29.06441591943801,27.91606678013455,26.775924222465143,25.64492084840615,24.524056831663476,23.414399902884494,22.31708460555812,21.233310732330235,20.164340870740446,19.111496981056852,18.076155920045267,17.05974383054159,16.063729321809785,15.089615360617008,14.138929786372646,13.213214359045446,12.314012239568818,11.442853787297059,10.601240543869464,9.790627264253862,9.012401860472604,8.267863154385044,7.558196413204696,6.884446787998926,6.247491011179111,5.648008045422354,5.086449806833333,4.563013571302792,4.077618136268474,3.629886134521895,3.2191349495459534,2.844378350836613,2.5043402079206585,2.1974805148278045,1.9220326383765647,1.676049446900056,1.4574550377641124,1.2640983421678422,1.0938049952643818,0.9444244374809672,0.8138700873169202,0.7001513971371645,0.6013975002251526,0.5158728690473469,0.441985886949541,0.3782914966266856,0.3234891684983357,0.276417382355287
31.59202044539533,30.440103783422003,29.29523623947004,28.158191641058206,27.029799270230175,25.910944377661014,24.802568245200735,23.70566776928488,22.621294508577094,21.550553135170208,20.49459924430099,19.45463647625786,18.43191289361086,17.427716555085407,16.4433702268742,15.480225162231513,14.53965386455808,13.623041732556354,12.731777465228125,11.867242077361205,11.030796347460926,10.22376649736429,9.447427893981123,8.702986580800578,7.991558508216882,7.314146458434748,6.671614871312378,6.064663082810884,5.49379788311699,4.959306756553802,4.461233615717994,3.9993591906283843,3.5731883647068985,3.181946558798193,2.82458669710312,2.4998073739245577,2.2060817042689074,1.9416951878192212,1.704789969879253,1.4934123244263264,1.305560095531479,1.1392271825633857,0.9924428198085897,0.8633042176675609,0.7500019429715288,0.6508381048394546,0.5642379194230964,0.48875554078044253,0.4230751887734583,0.3660086179702011
31.80426222304313,30.662146382904417,29.527465409779495,28.400961931731036,27.283425778249505,26.175694138011245,25.0786513709798,23.99322846220127,22.920402086486096,21.861193242913593,20.8166654279112,19.787922316882362,18.776104913776283,17.78238812048279,16.807976672367733,15.854100373113512,14.922008541400485,14.012963558350306,13.128233377463728,12.26908282643521,11.436763496305353,10.632501985321575,9.857486251025959,9.112849835560095,8.399653781727293,7.718866169452896,7.071339390508474,6.45778555345602,5.878750767463974,5.334589468648014,4.82544037362524,4.3512059914536385,3.9115377986445425,3.5058290885866334,3.133217087964962,2.7925951956925203,2.4826352332283697,2.201818558922905,1.9484739856582614,1.720819820748328,1.5170071189940422,1.3351614087942647,1.1734206371551537,1.0299677513356698,0.9030570531694619,0.7910341129968623,0.6923495431397015,0.6055672797087914,0.5293682141874124,0.46255008083812243
32.01774784263487,30.884891576848073,29.75975920787641,28.643060375310466,27.535545331946334,26.438004934804837,25.351270378518212,24.27621266467457,23.21374179220604,22.164805641167963,21.130388525945428,20.111509395448653,19.109219647983444,18.12460051728349,17.158759976460757,16.21282909135359,15.287957731845973,14.385309522703784,13.50605588548785,12.651368989513557,11.822413395367551,11.020336145842329,10.246255044551646,9.501244871994828,8.786321335831062,8.10242265234298,7.450388823916083,6.830938921467777,6.24464699888814,5.691917639329117,5.172962518334269,4.687779700043849,4.236137576961708,3.8175653381694015,3.431351547393645,3.0765518235598095,2.7520058020748643,2.456362638738768,2.188113460862773,1.945628527121619,1.7271965350250662,1.5310635430941226,1.3554693079324458,1.1986793746272129,1.0590118827556174,0.9348586521664153,0.8247006171707346,0.7271180472742366,0.6407962223487789,0.5645273375127576
32.23147451332362,31.107341440250643,29.99114511758103,28.883562311093108,27.78530513884593,26.69712100750515,25.61979236275567,24.55413624903053,23.501003672406874,22.46127874799539,21.435877611564255,20.425747075442256,19.43186299971336,18.455228336538156,17.496870792654626,16.557840038508125,15.63920436905497,14.742046693335865,13.867459699497374,13.016540009372513,12.19038110421551,11.390064776441045,10.616650848896944,9.871164912335836,9.154583874667985,8.46781920548709,7.81169790859511,7.186941471417476,6.594143321874105,6.033745655042301,5.506016839707218,5.011030924324329,4.548650963364643,4.118517906294211,3.720046577366838,3.352429808396996,3.014651106582245,2.705505439067613,2.423626927561202,2.1675216076638617,1.9356030247461415,1.7262283584778813,1.5377329725930733,1.368461703170673,1.216795728656557,1.0811744100596372,0.9601119739392139,0.8522092887154836,0.7561612412746245,0.6707603632549932
32.44468516547683,31.328761214953317,30.22092694277902,29.121827415954378,28.03213884588116,26.952568535412585,25.88385469723395,24.826766138352458,23.782101808330662,22.75069019815311,21.733388571181493,20.731082005949993,19.74468222218258,18.775126147569104,17.823374168161635,16.89040798798074,15.97722800060582,15.084850048284542,14.214301414748022,13.36661586755935,12.542827536384022,11.743963389813029,10.971034062119669,10.22502279064219,9.506872263961924,8.817469261723197,8.1576270992776,7.528066081014541,6.929392414495344,6.362076331118789,5.826430470499319,5.32258987061263,4.850495105911779,4.409880168733931,4.000266544313176,3.620964564639346,3.271082563006128,2.9495436591023885,2.6551092908818292,2.3864079937597205,2.141967511240456,1.9202481611078208,1.7196754794810265,1.538670473233401,1.3756762504630966,1.22918028252207,1.0977320057809936,0.9799558471173755,0.8745600307307951,0.78034169405422
32.656813893955075,31.54861605403879,30.448613702589405,29.357421945769406,28.275683661270197,27.204069492620658,26.14327775937667,25.0940342768785,24.05709208375384,23.033231066973457,22.023257466519,21.028003237853856,20.048325242395872,19.08510422255605,18.139243502394013,17.211667337549464,16.303318816490187,15.415157189547891,14.548154474818306,13.703291162381547,12.881550812289062,12.083913321291215,11.311346624267733,10.564796605879119,9.84517503428165,9.153345401057393,8.490106668634095,7.85617509425754,7.25216451777752,6.6785657594604935,6.135726051550173,5.623829687048468,5.142881262773918,4.69269296774612,4.272877275939623,3.8828461198060586,3.521817157790941,3.1888271559941552,2.8827518663528413,2.60233120316312,2.3461980900143153,2.1129091321708393,1.9009752816996897,1.7088908758923216,1.535159783236551,1.3783178115830548,1.236950951446802,1.1097093922071313,0.9953175311349264,0.8925803860757411
32.86744283514116,31.7665228750669,30.673867199478902,29.590062957250005,28.515722358265542,27.451482733209406,26.398006542833475,25.35598132939851,24.326119607146943,23.309158682573198,22.305860386534548,21.317010694494694,20.343419203320003,19.385918420126377,18.44536280316862,17.52262747770867,16.618606529666373,15.734210756433477,14.87036472923979,14.028002996728006,13.20806523674447,12.411490146051833,11.63920785075871,10.892130629954224,10.17114177837126,9.477082498617571,8.810736817045763,8.172814664783681,7.563933456942201,6.984598730956595,6.435184651478275,5.915915424521295,5.426848847435251,4.967863308134703,4.538649495306147,4.138707865534362,3.7673525353510184,3.4237217617997966,3.1067946111306157,2.8154128771690434,2.5483068830769104,2.3041235452625934,2.0814550228898816,1.878866408338603,1.6949211890530511,1.5282035684399422,1.377337110758462,1.2409995215568208,1.1179336582362622,1.006955070274216
33.07626868620834,31.982213993252817,30.896463358138075,29.81957806233277,28.752142263131827,27.69476312540116,26.648070927186932,25.612719131239615,24.589384417161714,23.578766664569287,22.58158886895011,21.598596964789273,20.630559522619844,19.678267274662968,18.74253240882613,17.824187554468523,16.924084364796002,16.04309157962102,15.182092429789146,14.341981222667217,13.523658928529645,12.728027573240205,11.955983237554163,11.208407473042506,10.486156975132378,9.790051411601072,9.12085939632636,8.479282727614152,7.865939178387397,7.281344325968006,6.725893127633024,6.199842160272233,5.703293614876666,5.236182230482476,4.798266330758252,4.389123964516545,4.00815484536863,3.654588359714205,3.327497418001264,3.0258174324199905,2.7483692893149803,2.4938849072559908,2.2610338649917585,2.048449647250646,1.8547542607315106,1.6785802688452185,1.5185896274161172,1.3734890263749486,1.2420417197191667,1.1230760387850698
33.283076860047146,32.195509642118864,31.116263571385016,30.045876130084498,28.984905907291346,27.93393280163342,26.893558214712098,25.864405226995817,24.847118748601616,23.842365634191502,22.850834743126384,21.873236918140396,20.910304847795835,19.962792766946816,19.031475935526277,18.11714982057007,17.220628889429133,16.342744903240373,15.484344579814126,14.646286475841467,13.829436921515665,13.034664828705905,12.262835190291,11.51480109778065,10.791394132158704,10.093413034535267,9.421610643996406,8.776679203826045,8.159234284609356,7.569797748949631,7.008780375930727,6.476464954113164,5.9729908119805435,5.498340851476908,5.052332151232644,4.634611087271721,4.244653673095482,3.8817714635160647,3.5451229368336494,3.233729825658559,2.9464974724085615,2.6822379981084588,2.439694928959565,2.2175679331215705,2.0145364623109017,1.8292813316420036,1.660503560306537,1.506940090722718,1.3673762697203722,1.2406551902630218
33.48772152727439,32.40629712044978,31.333193305571513,30.26892574810842,29.214029780423385,28.169060669884697,27.134593888539055,26.111225376076792,25.09957178647183,24.10027070601328,23.11398082326222,22.1413820233629,21.183175371094414,20.240082936914256,19.312847407492175,18.402231407963342,17.50901644769596,16.634001384579957,15.778000285299427,14.941839542222393,14.126354093134,13.332382580187932,12.560761282175582,11.812316663464049,11.087856408252982,10.3881588549006,9.71396081647762,9.065943873736327,8.444719355992934,7.850812380380152,7.284645491054674,6.7465226108914775,6.236614165867851,5.754944338900486,5.301381427087247,4.875632191733955,4.477240894673045,4.1055934161650285,3.759926478530708,3.4393416021640375,3.1428230518773783,2.8692587436017933,2.6174629116686545,2.3861993004649777,2.174203732823528,1.9802050935917788,1.802944012144424,1.6411887923255661,1.4937483885388658,1.359482438845706
33.69011015247923,32.61451487350208,31.547225999028996,30.488739238345655,29.43956878708943,28.400247652541765,27.371327986772737,26.353381419408127,25.34699937881813,24.352793387915487,23.371395314502784,22.403457548203722,21.449653068046214,20.510675355427093,19.58723809563596,18.680074598064447,17.78993685124576,16.917594113973305,16.06383092835879,15.229444426041361,14.415240786429457,13.62203069776669,12.850623670535649,12.101821061617786,11.376407690607877,10.675141970824173,9.99874454070578,9.347885469309292,8.723170223209847,8.125124718449912,7.554179932580484,7.01065670486686,6.494751488171845,6.006523910342988,5.5458870315608415,5.112601126509163,4.706271665689518,4.3263519229150775,3.9721503174876482,3.6428422468977186,3.3374858256177733,3.055040664248479,2.7943886376136087,2.5543555197047767,2.333732406774085,2.1312959885338563,1.9458269307068468,1.7761258653484349,1.6210267166174965,1.4794072948186903
33.89019145752149,32.82014026454685,31.75837085285718,30.70536069600102,29.661604777102685,28.627615961850285,27.603925382258883,26.59108282297808,25.58965709784146,24.6002364015136,23.6234286156621,22.659861541662497,21.710183024093084,20.77506092064191,19.85518286364533,18.95125574665972,18.064004856853636,17.19417256079718,16.342516437757,15.50980674189045,14.696823064192829,13.904350058424166,13.133172094743344,12.384066713281742,11.657796770744588,10.955101209858586,10.27668443738453,9.62320437396127,8.99525933894715,8.393374053478325,7.81798517893866,7.269426944871367,6.747917544060748,6.253547063177696,5.786267753758361,5.345887411759789,4.932066513351838,4.54431955074371,4.182020740001069,3.8444139621951057,3.530626488627037,3.2396857713237344,2.9705383863691575,2.722070121545697,2.4931262059458352,2.282530776102293,2.0891048371302463,1.911682178896348,1.7491229172792437,1.6003245253252272
34.08794600741047,33.02318012641153,31.966663512955524,30.91885697846417,29.880238026580123,28.851301264018517,27.832558822734022,26.824540785059867,25.82779559884273,24.842890466410154,23.87041168642126,22.910964920867293,21.965175352090416,21.03368768668509,20.117165953793986,19.216293034686824,18.331769849172012,17.464314112672774,16.61465856601722,15.78354856897492,14.971738939573319,14.179989915812351,13.409062116495084,12.659710385965177,11.932676426465079,11.228680154641618,10.548409768265657,9.892510577646194,9.26157274419171,8.656118174392132,8.076586936101032,7.523323686268799,6.996564711879074,6.496426271961129,6.022894969843792,5.575820864583707,5.154913937648031,4.759744363869404,4.389746804899199,4.044228671554887,3.7223820205770157,3.423298497027803,3.1459865381967753,2.8893899409714257,2.6524068709285133,2.4339084522248733,2.2327562052839887,2.0478177699382902,1.8779805392508262,1.7221630109455157
34.28337881504599,33.223663424941904,32.172158922003874,31.129310883053957,30.09558088396107,29.071446938795315,28.05740394922778,27.053964155592187,26.06165757629252,25.081032418727137,24.11265544057548,23.157112234187327,22.215007399877635,21.286964566509294,20.37362620932841,19.475653205510014,18.593724057715182,17.728533705561546,16.880791834595833,16.05122058281948,15.240551537143043,14.449521907736582,13.678869768794662,12.929328261861723,12.201618675035505,11.496442340707372,10.814471338459365,10.15633805018275,9.522623692062034,8.913846041451217,8.330446681733866,7.772778197473471,7.241091854397544,6.735526379810579,6.256098503099058,5.80269590820794,5.3750731796352875,4.972851187437202,4.5955201617520975,4.24244647081913,3.9128828644869906,3.6059817083733186,3.3208105415091635,3.056369164922007,2.811607421595311,2.5854428585561218,2.3767775574160077,2.184513561008176,2.0075664883862023,1.844877097243776
34.47651351080432,33.42163554067375,32.374925816174276,31.33681596641373,30.307753022657455,29.288199876887997,28.278635748511597,27.27955665028691,26.291475840053163,25.31492424110253,24.350450810027084,23.39862282541358,22.460026064352725,21.535264826863354,20.624961760737914,19.729757430825437,18.850309567695838,17.98729192139949,17.141392636996315,16.313312060273443,15.50375987553207,14.71345147375225,13.943103450333917,13.193428138790091,12.465127102359153,11.758883531770708,11.075353536465983,10.415156370060743,9.7788636993553,9.16698810870603,8.579971124712598,8.018171143715396,7.481851737237878,6.9711708862407935,6.486171740295418,6.026775499372898,5.592776963794585,5.18384318782664,4.799515508442854,4.439215016012968,4.102251309190863,3.7878341580361607,3.4950875136535164,3.223065170975264,2.970767326761812,2.7371572799426382,2.5211775885040355,2.321765111135161,2.1378645037638337,1.968439891804405
34.667387733534305,33.61715380050335,32.57504247963193,31.54147260681513,30.51687789751909,29.501707416739723,28.496426054402274,27.501514996884854,26.51747218128648,25.544812715249698,24.5840692413437,23.63579222013339,22.700550100212055,21.778929337147694,20.871534216421864,19.97898642786057,19.101924330969382,18.241001842392986,17.396886868785344,16.570259201227664,15.761807781768903,14.972227249789816,14.202213677028952,13.4524594068447,12.723646927452357,12.016441732423464,11.331484156504045,10.669380222214736,10.03069159330189,9.415924804107128,8.825520016563766,8.259839643647423,7.719157261923952,7.203647306194499,6.713376084469584,6.248294660021149,5.808234109695632,5.392903579293784,5.001891419581054,4.634669510053431,4.290600678813437,3.9689489276192025,3.6688919944972462,3.389535652532108,3.129929066333377,2.8890805122904992,2.665972811175303,2.459577910730606,2.2688701758963274,2.092838078330119
34.856049481160134,33.810283981971075,32.77259346837014,31.74338501495202,30.72308011036803,29.712115131676704,28.71094182111624,27.72002775559628,26.739856795661204,25.770929496929437,24.81376346336811,23.86889361737004,22.93687235630534,22.018269559416893,21.113672402698235,20.223684932618212,19.348927342356635,18.490034886946535,17.64765636674534,16.822452102462442,16.015091320243698,15.226248863024615,14.45660114567936,13.706821277800284,12.977573290822734,12.269505427351001,11.583242481536095,10.91937722144146,10.278460978025594,9.660993550042459,9.067412647555768,8.49808317459268,7.953286727206496,7.433211748281031,6.9379448247812325,6.467463626664867,6.021631960727859,5.600197342284815,5.20279137323178,4.82893306366085,4.478035059141417,4.149412555205451,3.842294514630672,3.555836670465355,3.289135712262329,3.041244021505561,2.811184343760478,2.597963851817662,2.4005871534283054,2.2180679144899216
35.04255421961106,34.00109757907063,32.96766708590062,31.942658973179498,30.926483466172982,29.919565255093,28.922343967145082,27.93527462783529,26.95882809846984,25.99349147321367,25.039768415572244,24.098179410173707,23.16926190095441,22.25357028155493,21.351675698077518,20.464165618289226,19.59164311494749,18.734725804477474,17.8940443760964,17.07024064110647,16.2639650280673,15.475873447759444,14.706623453291504,13.956869626600351,13.227258134317179,12.518420414981088,11.830965987257105,11.165474406239376,10.522486442563554,9.90249461642729,9.305933283868136,8.73316854220482,8.184488289939278,7.660092836362338,7.160086499020532,6.684470644185116,6.233138608715669,5.805872886224916,5.402344865609224,5.022117280653952,4.664649375995076,4.329304632197099,4.015360738467026,3.722021372458023,3.4484292562505754,3.1936799138526157,2.9568355597200537,2.7369385948617238,2.533024267265545,2.3441321542672817
35.226962594010146,34.18966966740469,33.16035344512951,32.13940013694505,31.127209556182585,30.124195585918365,29.130786641319908,28.147426117905173,27.174572812860404,26.212701303254647,25.262302261642148,24.323882685889508,23.397966015765057,22.48509210401493,21.585817004514908,20.70071253464238,19.830365563308288,18.975376970372288,18.136360217764466,17.313939467972705,16.50874718215679,15.721421128761286,14.952600735024788,14.202922719290969,13.473015952707858,12.763495516020315,12.074955941913341,11.407963666697167,10.763048757468095,10.140696031851071,9.541335745502158,8.9653340847422,8.412983763409091,7.884495078082384,7.379987816887885,6.89948443636359,6.442904911327098,6.010063619449903,5.6006685439638835,5.214322967807925,4.850529698631052,4.5086977186576105,4.188151011325013,3.8881391929129414,3.6078494849421916,3.346419510429803,3.102950387091424,2.8765196206100874,2.6661933638332798,2.4710376929796625
35.4093386201344,34.37607724298689,33.35074298904597,32.3337127716069,31.32537674419149,30.326138756065582,29.33641680091407,28.35664344830108,27.387266245298658,26.428748072660493,25.481567436745895,24.546218675026363,23.623212049127254,22.71307369499795,21.816345395143188,20.933584132953563,20.06536138408822,19.212262094796127,18.374883292307008,17.55383226837291,16.749724274167143,15.963179663702528,15.194820424509224,14.445266039453907,13.715128633324186,13.005007373242416,12.315482114148555,11.647106310331644,11.000399251680317,10.375837728671616,9.773847281856982,9.194793247246817,8.638971864665924,8.106601766615064,7.597816204113515,7.112656386645631,6.65106630938695,6.212889407686548,5.797867314504856,5.40564090310607,5.035753680920618,4.687657471064373,4.360720188088367,4.05423539745231,3.7674332559295074,3.4994923713326505,3.2495520987122886,3.016724805714836,2.800107686931449,2.5987937775885754
35.58974826010124,34.56039793651238,33.53892537151441,32.52569882714537,31.521099461524027,30.525521770470302,29.539374019425047,28.5630786553038,27.597072685933504,26.64180801202009,25.697751693622877,24.765386129983707,23.845209128045877,22.93773383105628,22.04348847442062,21.16301593157252,20.296873008081075,19.44562943772879,18.609866530105563,17.79017541574658,16.987154832416646,16.20140839538627,15.43354129615183,14.684156378850393,13.953849552516001,13.24320451127189,12.552786754453505,11.883136925234371,11.234763519929917,10.608135060556512,10.0036718693738,9.42173763395219,8.862631001516165,8.326577487469104,7.813722019688675,7.324122461504702,6.857744456610739,6.414457914144453,5.994035399687455,5.596152618996417,5.220391080475468,4.866242907725723,4.533117655512077,4.2203508728051995,3.9272140661455808,3.6529256539845734,3.3966624727550006,3.1575713988519447,2.9347806841111153,2.7274106593347565
35.768258306171646,34.74270902589601,33.724988621151105,32.7154572753027,31.71448773827771,30.72246575177952,29.73979046213577,28.766874810531643,27.804145888573935,26.852045244717452,25.911029124329502,24.981568623262326,24.06414973160923,23.15927324075847,22.267454483035383,21.38922286924883,20.525121185404775,19.675704605865874,18.84153937655115,18.023201118715285,17.221272701807266,16.436341633390054,15.668996915720186,14.919825323064249,14.189407061962099,13.478310789266198,12.787087980673855,12.116266666259284,11.466344579517358,10.83778180247664,10.230993030652607,9.64633962623945,9.084121673220107,8.54457029022397,8.027840491330426,7.534004906485714,7.06304867677319,6.614865821399074,6.189257330667447,5.7859311727375555,5.40450431494023,5.044506759245373,4.705387484914362,4.386522089514892,4.087221832223978,3.8067437189051634,3.5443012321204095,3.2990753027512354,3.0702251414014685,2.8568985924127426
35.944935512028174,34.923086686035624,33.90901852785718,32.903083650425614,31.905646914943716,30.91708583781944,29.937790982779767,28.968166328128493,28.008629597422694,27.059612539682703,26.121561142718086,25.19493576045513,24.280211132234932,23.377876268831024,22.488434176477643,21.61240138661554,20.750307255435995,19.90269299376928,19.07011038462132,18.253120143013025,17.452289871066668,16.668191560966225,15.901398600029744,15.15248223631266,14.422007470605106,13.710528352120955,13.018582671280926,12.346686064321464,11.69532557129454,11.064952721227733,10.455976255060115,9.868754636982525,9.303588545651168,8.760713575189344,8.240293407949,7.742413742226848,7.267077264091532,6.814199939454632,6.383608868206013,5.975041886445075,5.588149027956823,5.222495867128323,4.87756866975556,4.552781184307943,4.24748282304341,3.960967917625789,3.692485693063035,3.4412505893641043,3.206452571651444,2.9872671031267135
36.119845922981796,35.10160542730271,34.09109820437695,33.08866974811127,32.09467749113584,31.10949119212111,30.13349330604693,29.167079327671917,28.210658096840035,27.264652052316002,26.329497418529563,25.405644307111537,24.493556712433598,23.59371237744792,22.70660250299769,21.83273127053739,20.972615144954037,20.12678192104342,19.29576947434321,18.4801241747301,17.680398919761743,16.897150744593194,16.13093796689133,15.382316829074973,14.651837607031135,13.940040164833796,13.24744894951459,12.574567439087904,11.921872081066715,11.289805787517096,10.678771085680445,10.089123059096217,9.521162251001964,8.975127736820752,8.451190602338789,7.949448084866931,7.4699186423573485,7.012538206715054,6.577157850128295,6.163543046597569,5.771374646591754,5.400251604819235,5.049695415454424,4.719156123184121,4.408019699959045,4.115616513504067,3.8412305699114775,3.5841091920410184,3.34347279827003,3.1185244701099566
36.29305436609518,35.27833768408564,34.27130778520296,33.27230344566684,32.2816750778388,31.299785097032647,30.327008269285155,29.36373203066498,28.410356767148215,27.467296042320704,26.53497675806306,25.61383923107217,24.70433716562077,23.80693750031139,22.922120103756917,22.050377291207056,21.192213131228,20.348142508757345,19.5186899083489,18.70438787943693,17.905775144268766,17.123394309140128,16.357789141135772,15.609501376225275,14.879067030824157,14.167012198360776,13.473848325505099,12.800066979942242,12.146134143131434,11.512484087303212,10.899512925503421,10.307571955736838,9.736960953511424,9.187921598985714,8.66063125252746,8.155197312449141,7.671652397545536,7.209950591742724,6.769964966479352,6.3514865575933515,5.954224918513332,5.577810303469547,5.221797458126981,4.885670916750247,4.568851631598735,4.270704698251738,3.990547895269454,3.7276607313474797,3.481293688928089,3.2506773687949635
36.46462406877553,35.45335352245157,34.44972423294158,33.45406861609826,32.46673042705864,31.488065106032657,30.518440103294935,29.558235174315666,28.60784263447326,27.667667561167,26.738127929235517,25.8196546634702,24.912691589760477,24.017695264002604,23.13513465535196,22.265490657772386,21.40925540122653,20.566931331376086,19.739030024457236,18.926070702284548,18.12857841136629,17.34708183021349,16.582110670459773,15.834192640818141,15.1038499486525,14.391595322523969,13.697927550935875,13.023326548018039,12.368247976256793,11.733117479533249,11.11832460624946,10.52421653130556,9.951091715705243,9.399193671602069,8.868705026115506,8.359742096333573,7.872350197540405,7.406499904086939,6.9620844653723895,6.538918547184928,6.136738421741693,5.755203670459728,5.393900395733549,5.052345867049709,4.729994458603842,4.426244676099387,4.140447024629086,3.8719124409612,3.619921003703842,3.383730643192541
36.63461638042332,35.626720442126356,34.626421228384906,33.634045113366206,32.649929518555346,31.6744232373107,30.70788673709765,29.75069243070421,28.803224906311478,27.865881104784783,26.939070430810663,26.023214782564736,25.11874848252701,24.226118089870543,23.34578207254137,22.478210314782118,21.623883433511015,20.78329187476931,19.956934759514695,19.145318446564644,18.34895477970652,17.568358986182837,16.80404719525692,16.056533548751897,15.326326880746619,14.613926951433998,13.91982023089405,13.244475242531607,12.588337493350204,11.951824039034948,11.335317755635712,10.739161415717758,10.163651693954181,9.609033253551445,9.075493088437462,8.563155314274587,8.072076611415374,7.602242522403963,7.153564793581361,6.725879923751399,6.318949042946904,5.932459192803759,5.566026020081976,5.219197830863902,4.891460890068741,4.58224579442419,4.290934701632186,4.016869167670712,3.7593583298789057,3.5176871757912087
36.80309057656375,35.79850325287998,34.80146912538865,33.81230881137959,32.83135368785633,31.85894619489326,30.895440115370562,29.941200822756123,28.99660548724461,28.062043229156483,27.13791520691017,26.224634625105594,25.322626646359417,24.43232818853424,23.554187586915013,22.688664098755282,21.836227225517312,20.99735582617683,20.172536993264064,19.362264662049288,18.567037922650716,17.787359005110694,17.02373090894066,16.27665465161716,15.546626115384424,14.834132478856638,14.139648229663157,13.463630767024682,12.806515618843543,12.168711316601525,11.550593992778488,10.952501788985764,10.374729187503037,9.817521402936878,9.281068992397126,8.765502859718117,8.270889839487964,7.797229047757671,7.344449176463279,6.9124068867418815,6.500886422445921,6.109600520492581,5.738192641759866,5.386240488711239,5.053260718226655,4.7387147049156475,4.442015165824478,4.162533425367139,3.899607081628449,3.652547832496298
36.970103728780856,35.9687640093082,34.97493495550463,33.98893168292224,33.01107978327942,32.04171560685222,31.08118652015534,30.12985113093817,29.188079471242666,28.256253127950902,27.334765308792377,26.424020830158597,25.52443601133388,24.63643845792642,23.76046671539188,22.89696977162226,22.046406385692716,21.209244218123196,20.38595873652275,19.57703186940396,18.7829503804611,18.004203935934942,17.241282839096822,16.494675408675675,15.764864982544701,15.052326534507513,14.357522900880545,13.680900625008535,13.022885442008477,12.383877442889055,11.764245976477275,11.164324368747893,10.584404561296992,10.024731792557622,9.4854994652931,8.966844360015408,8.468842364198975,7.991504889501281,7.534776141982504,7.098531392468191,6.682576365528043,6.286647826913897,5.910415402710601,5.553484611923599,5.215401041538229,4.895655543352603,4.5936902890640825,4.308905487481135,4.040666547577767,3.788311464351558
37.135710626922524,36.137561991138725,35.14688247038908,34.16398190765866,33.18918034246378,32.222808272666,31.26520689068549,30.31672828648216,29.3777356084807,28.448603172378693,27.52971650643469,26.62147232034997,25.724278383266157,24.838553294734602,23.96472613079836,23.103235945598264,22.25453110723071,21.419068445043806,20.59731218425478,19.789732642851504,18.996804665365403,18.21900576848083,17.456813974809595,16.71070531377291,15.981150972679979,15.268614087061948,14.573546167376598,13.896383169563387,13.237541229718309,12.597412098354853,11.976358327099868,11.37470827976631,10.792751059779004,10.230731465810088,9.688845105798396,9.167233814623756,8.665981530771845,8.185110790581653,7.724579993578296,7.284281577911975,6.864041220728081,6.463618144956535,6.082706573092409,5.720938322524387,5.377886489062511,5.053070119119088,4.745959730078737,4.455983505871603,4.182533972914982,3.924974951608044
37.29996374259274,36.30495371870969,35.31737221245568,34.33752400069746,33.3657237810788,32.402296413766635,31.44757713688852,30.501911748357305,29.565656745676318,28.639179414160438,27.722857852767625,26.817080925378576,25.92224812390667,25.03876932809924,24.167064445335267,23.307562912166198,22.460703037839714,21.626931168678823,20.806700651049038,20.00047056986762,19.20870423933369,18.431867422975944,17.670426261429323,16.92484488880193,16.1955827223244,15.483091415443996,14.787811471864158,14.110168527432226,13.450569318347165,12.809397367880521,12.187008439489595,11.583725821443238,10.999835526215731,10.435581505989775,9.891161002423935,9.36672016294226,8.86235006560321,8.378083298521148,7.913891236446402,7.4696821454503635,7.045300226304346,6.640525678431028,6.255075830451133,5.888607342368091,5.540719441041274,5.210958107919622,4.898821099240623,4.603763646945933,4.325204665675819,4.06253327873811
37.46291322501757,36.47099299530239,35.48646160620517,34.50961895504523,33.5407745880895,32.580247922833536,31.628368443429924,30.685475862273353,29.75192023973718,28.82806205297595,27.914272203558014,27.010931952449592,26.118432769541148,25.237176083519095,24.36757291647327,23.51004338622694,22.665016058027184,21.832927126022554,21.014219403959608,20.209341103875747,19.418744381376513,18.642883626534374,17.88221348071248,17.137186561912923,16.408250884793308,15.6958469665126,15.000404616261106,14.322339414869507,13.662048901369836,13.019908495786357,12.396267201604537,11.791443146949858,11.205719039935884,10.63933763009584,10.092497283236758,9.565347790194854,9.057986539428098,8.570455187753998,8.102736961555493,7.654754711478631,7.226369826571757,6.81738208914126,6.427530520238312,6.056495229284908,5.703900242174018,5.369317242938524,5.052270127620999,4.752240237960912,4.46867211912638,4.200979631406536
37.62460692205447,36.63573096965119,35.65420506423404,34.68032439275438,33.71439352329941,32.75672660857938,31.8076475621651,30.867490200785266,29.936598345062762,29.01532587006439,28.104036695970944,27.203104708034235,26.312913593771817,25.43385658408461,24.566336083699916,23.710763175078394,22.867556978716003,22.037143851701355,21.219956405521994,20.416432323567275,19.627012958660618,18.85214169142597,18.09226203151137,17.3478154458459,16.619238901388144,15.906962114431972,15.211404504648659,14.532971859811669,13.872052726652278,13.229014554522458,12.604199631356751,11.997920865523783,11.410457482048354,10.842050716660856,10.292899605273375,9.763156978698326,9.252925781488152,8.762255838440058,8.291141191425574,7.839518121872685,7.407263959959114,6.994196760410155,6.600075897416656,6.224603598916395,5.867427405221868,5.5281435010501285,5.206300835928952,4.90140591815071,4.612928143995066,4.340305508334592
37.78509042048721,36.79921621328301,35.82065410318615,34.84969472073949,33.88663781394804,32.93179243369256,31.985477091626283,31.04801988415286,30.119758575231153,29.201040629820923,28.29222318879359,27.393672975083227,26.505766119742244,25.628887895412745,24.7634323435604,23.90980178067834,23.068406167590215,22.239662325034477,21.423992977960342,20.62182561051445,19.83359111364598,19.059722207746727,18.30065162391298,17.55681002943658,16.82862368617398,16.11651183467908,15.420883802575002,14.742135842713427,14.080647715297271,13.436779038317678,12.810865442258939,12.203214577792327,11.614102038686637,11.043767275796778,10.492409590954328,9.960184310921562,9.447199250205879,8.953511576360754,8.479125191384306,8.023988737129343,7.587994320758749,7.170977038162515,6.77271534939193,6.392932331615674,6.03129780344787,5.687431281725902,5.360905700132078,5.0512517906579175,4.757963005749031,4.480500842529297
37.94440710086617,36.96149480841167,35.98585746592222,35.01778128816535,34.05756134796809,33.1055017443099,32.161915742745116,31.22712588203173,30.3014640400607,29.385271451319348,28.478898667203925,27.582705449531648,26.6970605865865,25.82234161998256,24.958934469572483,24.107232942602497,23.26763811235149,22.440557550657186,21.62640439808147,20.8255962550992,20.038553877697336,19.265699661271405,18.507455897829576,17.764242793411437,17.036476235449843,16.324565303704464,15.628909523512322,14.949895866549967,14.287895512144352,13.643260391401078,13.016319546934556,12.407375352557372,11.81669964954636,11.244529868519525,10.691065217835446,10.156463029933795,9.640835365224172,9.144245978023521,8.66670774970458,8.208180689874208,7.768570596552607,7.347728450846665,6.945450600849028,6.561479764281137,6.19550685104779,5.847173577073859,5.516075811478682,5.201767572284035,4.903765563253709,4.6215541275775385
38.10259820306964,37.122610442985895,36.14986124699657,35.184632543050505,34.22721486215953,33.277907489942585,32.337018590444394,31.404865296375977,30.481773759202415,29.56807915171003,28.664125614834788,27.770266139644296,26.886862374437314,26.01428434596725,25.1529100828393,24.303125128205945,23.465321928025915,22.639899080416352,21.82726043106784,21.02781399939636,20.241970720154907,19.470142985734466,18.712742975460845,17.97018075997595,17.242862171410756,16.53118643365195,15.835543551693323,15.156311464950189,14.49385297655273,13.848512479019005,13.220612506249529,12.610450152284812,12.018293408404245,11.444377481457446,10.888901167201134,10.352023362139683,9.833859805101902,9.334480144665527,8.853905429723145,8.392106117256137,7.949000683259893,7.52445490956893,7.118281901292763,6.730242867344124,6.360048671202547,6.007362132043536,5.671801029352078,5.352941738889982,5.05032340605887,4.763452545686702
38.25970289950405,37.28260451019184,36.31270901917954,35.35029418631392,34.39564612404389,33.449059433195096,32.51083731105016,31.58129162614369,30.66074295351277,29.749520563413675,28.84796235572838,27.956414731465927,27.07523239191289,26.204778055116527,25.345422078516545,24.497541975709378,23.661521814562033,22.837751483246645,22.026625810286895,21.22854352447528,20.443906040607633,19.673116057491484,18.916575955716148,18.174685984347178,17.447842228141127,16.73643435019263,16.040843109228035,15.361437656140147,14.698572620862095,14.052585008302614,13.423790930730963,12.81248221353393,12.218922921392004,11.643345862233016,11.085949136290914,10.546892806589616,10.026295774453482,9.52423294845079,9.040732796750778,8.575775370564239,8.129290879674878,7.701158889844939,7.291208196230623,6.899217407373483,6.524916251730282,6.167987594277891,5.828070125932133,5.504761664911349,5.197622988269653,4.906182094937949
38.41575837347385,37.44151621028488,36.47444195928943,35.51480932195883,34.562900106559965,33.61900434893816,32.68342040571164,31.756455014539014,30.838423315502546,29.929648826975036,29.030463368614214,28.141206923371715,27.262227429626794,26.39388049376136,25.536529012707554,24.690542695251025,23.85629747018953,23.034174768881027,22.224560669305784,21.427844888590982,20.644419611065835,19.874678139425264,19.119013357567788,18.37781599524711,17.651472686940448,16.940363820398236,16.244861174291863,15.56532534929821,14.902103002892352,14.255523905059956,13.625897840019778,13.013511387712718,12.418624628024498,11.841467820112282,11.282238118339087,10.741096394627336,10.218164243879542,9.713521253800371,9.227202622315405,8.759197204220428,8.309446063266527,7.8778415963612325,7.464227283010606,7.06839809592309,6.690101588565859,6.329039653428444,5.984870922056409,5.657213755947884,5.345649757526348,5.049727713846137
38.57079990074789,37.599382653087,36.63509897201596,35.678218602454464,34.729019155069835,33.78778621283774,32.85481341018417,31.930402479615182,31.01486326016359,30.10851366136129,29.211679575776042,28.324694732456987,27.447900482919874,26.581645510581772,25.726285453844085,24.882182432350653,24.049704465339513,23.22922477051294,22.421120931503633,21.625773921887404,20.843566973839213,20.074884280036496,19.320109518358894,18.579624190413195,17.853805767019487,17.143025636624117,16.44764685623881,15.768021709013684,15.104489077969173,14.457371651736178,13.826972985324383,13.213574446822616,12.61743208932059,12.038773495921022,11.477794654079197,10.93465692317758,10.409484165646255,9.902360116475492,9.413326068029866,8.942378946120105,8.48946984890089,8.054503112100015,7.637335952357798,7.23777872535019,6.855595817469297,6.490507169995333,6.142190413988655,5.810283573768829,5.494388278061221,5.194073401820853
38.724860932755455,37.75623895985976,36.79471681075129,35.84056036866432,34.89404314638002,33.95544637932015,33.02505909144686,32.10317812911159,31.190108157456347,30.2861616133978,29.391658608607983,28.506926775265846,27.6323010467009,26.76812336439405,25.914742302157606,25.0725125977134,24.24179458134807,23.422953490893637,22.616358661991427,21.822382582511356,21.041399800167603,20.27378567287417,19.51991495228664,18.780160192369614,18.054889976791245,17.344466961564827,16.649245732701306,15.9695704827707,15.305772515222218,14.658167591082238,14.027053139181426,13.412705358241388,12.815376246791182,12.235290604716154,11.672643057909877,11.12759516457803,10.600272667729078,10.090762962748125,9.599112851146995,9.125326651121105,8.669364732031193,8.231142533120922,7.810530116651924,7.407352292390054,7.0213893344819125,6.65237829393115,6.3000148910388525,5.9639559533701005,5.643822347149542,5.339202334521789
