Time,Contract,Open,High,Low,Last,Open Int,Volume
9/10/2024,NGV24 (Oct '24),2.236,2.247,2.228,2.232,223835,183556
9/10/2024,NGX24 (Nov '24),2.516,2.58,2.497,2.545,256211,96908
9/10/2024,NGZ24 (Dec '24),3.021,3.084,3.013,3.037,125713,48294
9/10/2024,NGF25 (Jan '25),3.319,3.371,3.302,3.327,175619,44786
9/10/2024,NGG25 (Feb '25),3.192,3.245,3.183,3.209,67625,17689
9/10/2024,NGH25 (Mar '25),2.882,2.939,2.877,2.903,137103,25008
9/10/2024,NGJ25 (Apr '25),2.765,2.818,2.761,2.785,84280,14298
9/10/2024,NGK25 (May '25),2.816,2.862,2.812,2.829,54713,4462
9/10/2024,NGM25 (Jun '25),2.965,3.011,2.96,2.974,29269,3337
9/10/2024,NGN25 (Jul '25),3.122,3.168,3.117,3.131,19665,2783
9/10/2024,NGQ25 (Aug '25),3.156,3.203,3.152,3.169,17665,1491
9/10/2024,NGU25 (Sep '25),3.136,3.182,3.133,3.15,18776,3878
9/10/2024,NGV25 (Oct '25),3.22,3.268,3.216,3.232,53535,11934
9/10/2024,NGX25 (Nov '25),3.469,3.512,3.467,3.471,16642,3327
9/10/2024,NGZ25 (Dec '25),3.85,3.884,3.835,3.836,23358,2557
9/10/2024,NGF26 (Jan '26),4.108,4.14,4.075,4.088,39501,4862
9/10/2024,NGG26 (Feb '26),3.901,3.935,3.876,3.885,11871,1427
9/10/2024,NGH26 (Mar '26),3.387,3.426,3.379,3.38,22840,1565
9/10/2024,NGJ26 (Apr '26),3.079,3.116,3.069,3.079,41697,2197
9/10/2024,NGK26 (May '26),3.114,3.144,3.108,3.112,10280,784
9/10/2024,NGM26 (Jun '26),3.275,3.277,3.243,3.252,4665,256
9/10/2024,NGN26 (Jul '26),3.428,3.429,3.389,3.407,8306,162
9/10/2024,NGQ26 (Aug '26),3.465,3.465,3.425,3.443,3441,125
9/10/2024,NGU26 (Sep '26),3.435,3.435,3.395,3.415,4249,165
9/10/2024,NGV26 (Oct '26),3.472,3.49,3.458,3.472,20081,973
9/10/2024,NGX26 (Nov '26),3.718,3.718,3.718,3.721,5783,90
9/10/2024,NGZ26 (Dec '26),4.09,4.09,4.09,4.092,4145,128
9/10/2024,NGF27 (Jan '27),,,,4.347,11674,510
9/10/2024,NGG27 (Feb '27),,,,4.122,1550,13
9/10/2024,NGH27 (Mar '27),3.532,3.532,3.532,3.532,4457,15
9/10/2024,NGJ27 (Apr '27),,,,3.072,13302,6
9/10/2024,NGK27 (May '27),,,,3.089,1858,5
9/10/2024,NGM27 (Jun '27),,,,3.217,758,5
9/10/2024,NGN27 (Jul '27),,,,3.349,1583,
9/10/2024,NGQ27 (Aug '27),,,,3.39,996,
9/10/2024,NGU27 (Sep '27),,,,3.356,480,
9/10/2024,NGV27 (Oct '27),3.47,3.47,3.455,3.438,6877,354
9/10/2024,NGX27 (Nov '27),,,,3.691,1627,1
9/10/2024,NGZ27 (Dec '27),,,,4.077,459,
9/10/2024,NGF28 (Jan '28),,,,4.328,6557,321
9/10/2024,NGG28 (Feb '28),,,,4.106,429,2
9/10/2024,NGH28 (Mar '28),,,,3.456,954,
9/10/2024,NGJ28 (Apr '28),,,,2.96,3237,2
9/10/2024,NGK28 (May '28),,,,2.986,326,
9/10/2024,NGM28 (Jun '28),,,,3.134,235,
9/10/2024,NGN28 (Jul '28),,,,3.303,239,
9/10/2024,NGQ28 (Aug '28),,,,3.345,215,
9/10/2024,NGU28 (Sep '28),,,,3.317,131,
9/10/2024,NGV28 (Oct '28),,,,3.372,2055,70
9/10/2024,NGX28 (Nov '28),,,,3.617,152,
9/10/2024,NGZ28 (Dec '28),,,,3.997,267,
9/10/2024,NGF29 (Jan '29),4.289,4.289,4.289,4.252,3024,71
9/10/2024,NGG29 (Feb '29),,,,3.998,53,
9/10/2024,NGH29 (Mar '29),,,,3.338,943,
9/10/2024,NGJ29 (Apr '29),,,,2.885,1068,
9/10/2024,NGK29 (May '29),,,,2.905,150,
9/10/2024,NGM29 (Jun '29),,,,3.061,135,
9/10/2024,NGN29 (Jul '29),,,,3.232,89,
9/10/2024,NGQ29 (Aug '29),,,,3.281,91,
9/10/2024,NGU29 (Sep '29),,,,3.255,84,
9/10/2024,NGV29 (Oct '29),,,,3.334,2202,
9/10/2024,NGX29 (Nov '29),,,,3.598,56,
9/10/2024,NGZ29 (Dec '29),,,,3.999,84,
9/10/2024,NGF30 (Jan '30),,,,4.262,1456,
9/10/2024,NGG30 (Feb '30),,,,4.024,100,
9/10/2024,NGH30 (Mar '30),,,,3.356,128,
9/10/2024,NGJ30 (Apr '30),,,,2.866,178,
9/10/2024,NGK30 (May '30),,,,2.879,134,
9/10/2024,NGM30 (Jun '30),,,,3.021,140,
9/10/2024,NGN30 (Jul '30),,,,3.178,123,
9/10/2024,NGQ30 (Aug '30),,,,3.216,136,
9/10/2024,NGU30 (Sep '30),,,,3.18,122,
9/10/2024,NGV30 (Oct '30),,,,3.233,115,
9/10/2024,NGX30 (Nov '30),,,,3.523,106,
9/10/2024,NGZ30 (Dec '30),,,,3.923,91,
9/10/2024,NGF31 (Jan '31),,,,4.197,19,
9/10/2024,NGG31 (Feb '31),,,,3.939,19,
9/10/2024,NGH31 (Mar '31),,,,3.248,32,
9/10/2024,NGJ31 (Apr '31),,,,2.761,33,
9/10/2024,NGK31 (May '31),,,,2.772,35,
9/10/2024,NGM31 (Jun '31),,,,2.928,38,
9/10/2024,NGN31 (Jul '31),,,,3.102,19,
9/10/2024,NGQ31 (Aug '31),,,,3.141,19,
9/10/2024,NGU31 (Sep '31),,,,3.099,19,
9/10/2024,NGV31 (Oct '31),,,,3.151,29,
9/10/2024,NGX31 (Nov '31),,,,3.413,19,
9/10/2024,NGZ31 (Dec '31),,,,3.831,19,
9/10/2024,NGF32 (Jan '32),,,,4.096,7,
9/10/2024,NGG32 (Feb '32),,,,3.836,7,
9/10/2024,NGH32 (Mar '32),,,,3.181,7,
9/10/2024,NGJ32 (Apr '32),,,,2.711,9,
9/10/2024,NGK32 (May '32),,,,2.724,7,
9/10/2024,NGM32 (Jun '32),,,,2.875,7,
9/10/2024,NGN32 (Jul '32),,,,3.048,7,
9/10/2024,NGQ32 (Aug '32),,,,3.077,7,
9/10/2024,NGU32 (Sep '32),,,,3.035,7,
9/10/2024,NGV32 (Oct '32),,,,3.079,7,
9/10/2024,NGX32 (Nov '32),,,,3.357,7,
9/10/2024,NGZ32 (Dec '32),,,,3.766,8,
9/10/2024,NGF33 (Jan '33),,,,4.013,,
9/10/2024,NGG33 (Feb '33),,,,3.778,,
9/10/2024,NGH33 (Mar '33),,,,3.128,,
9/10/2024,NGJ33 (Apr '33),,,,2.703,,
9/10/2024,NGK33 (May '33),,,,2.681,,
9/10/2024,NGM33 (Jun '33),,,,2.831,,
9/10/2024,NGN33 (Jul '33),,,,3.001,,
9/10/2024,NGQ33 (Aug '33),,,,3.041,,
9/10/2024,NGU33 (Sep '33),,,,3.056,,
9/10/2024,NGV33 (Oct '33),,,,3.102,,
9/10/2024,NGX33 (Nov '33),,,,3.277,,
9/10/2024,NGZ33 (Dec '33),,,,3.677,,
9/10/2024,NGF34 (Jan '34),,,,3.902,,
9/10/2024,NGG34 (Feb '34),,,,3.702,,
9/10/2024,NGH34 (Mar '34),,,,3.377,,
9/10/2024,NGJ34 (Apr '34),,,,2.977,,
9/10/2024,NGK34 (May '34),,,,2.955,,
9/10/2024,NGM34 (Jun '34),,,,2.99,,
9/10/2024,NGN34 (Jul '34),,,,3.03,,
9/10/2024,NGQ34 (Aug '34),,,,3.07,,
9/10/2024,NGU34 (Sep '34),,,,3.085,,
9/10/2024,NGV34 (Oct '34),,,,3.131,,
9/10/2024,NGX34 (Nov '34),,,,3.281,,
9/10/2024,NGZ34 (Dec '34),,,,3.531,,
9/10/2024,NGF35 (Jan '35),,,,3.731,,
9/10/2024,NGG35 (Feb '35),,,,3.631,,
9/10/2024,NGH35 (Mar '35),,,,3.461,,
9/10/2024,NGJ35 (Apr '35),,,,3.131,,
9/10/2024,NGK35 (May '35),,,,3.109,,
9/10/2024,NGM35 (Jun '35),,,,3.144,,
9/10/2024,NGN35 (Jul '35),,,,3.184,,
9/10/2024,NGQ35 (Aug '35),,,,3.224,,
9/10/2024,NGU35 (Sep '35),,,,3.239,,
9/10/2024,NGV35 (Oct '35),,,,3.285,,
9/10/2024,NGX35 (Nov '35),,,,3.357,,
9/10/2024,NGZ35 (Dec '35),,,,3.512,,
9/10/2024,NGF36 (Jan '36),,,,3.762,,
9/10/2024,NGG36 (Feb '36),,,,3.697,,
9/10/2024,NGH36 (Mar '36),,,,3.567,,
9/10/2024,NGJ36 (Apr '36),,,,3.237,,
9/10/2024,NGK36 (May '36),,,,3.215,,
9/10/2024,NGM36 (Jun '36),,,,3.25,,
9/10/2024,NGN36 (Jul '36),,,,3.29,,
9/10/2024,NGQ36 (Aug '36),,,,3.33,,
9/10/2024,NGU36 (Sep '36),,,,3.345,,
9/10/2024,NGV36 (Oct '36),,,,3.391,,
9/10/2024,NGX36 (Nov '36),,,,3.463,,
9/10/2024,NGZ36 (Dec '36),,,,3.618,,
